{"train/loss": 1.3491, "train/learning_rate": 1.896556234608795e-05, "train/epoch": 0.17, "train/global_step": 308, "_timestamp": 1711302493.6887755, "_runtime": 82.96951365470886, "_step": 307}